NO_OF_FRAMES	1000
NO_OF_DATA_TYPES	3
FREQUENCY	100
TIME_STAMP	2026-05-26, 14:31:18
DATA_INCLUDED	Position
DATA_TYPES	Unidentified [49610]_pos_X	Unidentified [49610]_pos_Y	Unidentified [49610]_pos_Z


195.935	23.899	84.060
196.115	23.066	83.974
196.074	23.386	83.865
195.851	24.794	83.973
195.628	26.491	83.981
195.477	27.934	84.131
195.305	28.655	83.999
195.419	27.481	83.983
195.628	25.732	84.004
195.919	23.934	84.045
195.992	23.427	83.948
195.940	23.648	83.911
195.811	24.796	83.902
195.674	26.388	84.001
195.487	27.995	83.998
195.378	28.640	84.003
195.430	27.449	84.058
195.656	25.879	83.941
195.928	23.987	84.057
196.059	23.230	84.135
196.032	23.469	84.040
195.891	24.649	83.983
195.710	26.263	84.052
195.526	27.857	84.106
195.381	28.579	84.086
195.424	27.600	83.987
195.617	25.901	83.961
195.926	24.128	83.984
196.046	23.204	84.169
196.032	23.387	84.088
195.876	24.627	83.974
195.667	26.186	84.086
195.517	27.925	84.023
195.359	28.597	84.120
195.435	27.691	83.936
195.612	25.944	83.976
195.933	24.161	83.970
196.092	23.314	84.024
195.992	23.358	84.086
195.896	24.544	83.994
195.652	26.152	84.102
195.511	27.919	83.956
195.377	28.642	84.024
195.436	27.687	83.967
195.601	25.935	84.031
195.911	24.147	83.996
196.090	23.274	84.091
196.012	23.385	84.059
195.908	24.551	83.983
195.676	26.200	84.038
195.542	27.804	84.074
195.448	28.346	83.998
195.396	27.609	84.069
195.599	26.049	83.964
195.890	24.183	83.989
196.065	23.301	84.069
196.016	23.400	84.061
195.904	24.564	83.944
195.696	26.080	84.091
195.502	27.866	84.001
195.340	28.696	84.019
195.424	27.737	83.953
195.579	26.002	84.019
195.904	24.197	83.995
196.062	23.276	84.096
196.015	23.372	84.095
195.897	24.528	83.983
195.665	26.080	84.103
195.556	27.789	84.044
195.454	28.347	83.994
195.434	27.805	83.915
195.571	26.024	84.024
195.889	24.201	84.027
196.065	23.268	84.125
196.063	23.372	84.024
195.871	24.450	83.986
195.691	26.205	83.954
195.536	27.810	84.001
195.370	28.652	84.022
195.397	27.738	84.000
195.566	26.080	84.014
195.884	24.325	83.949
196.062	23.317	84.097
196.048	23.404	84.000
195.893	24.496	83.960
195.685	26.193	83.943
195.582	27.561	83.922
195.420	28.562	84.116
195.410	27.780	84.007
195.578	26.109	84.009
195.907	24.338	83.924
196.088	23.332	84.068
196.046	23.257	84.103
195.891	24.428	83.966
195.705	25.996	84.057
195.580	27.483	83.963
195.442	28.573	84.098
195.395	27.742	84.035
195.582	26.178	83.969
195.879	24.291	83.998
196.083	23.336	84.055
196.070	23.334	84.028
195.858	24.332	84.039
195.721	26.006	83.998
195.566	27.443	83.979
195.404	28.566	84.112
195.422	27.897	83.927
195.562	26.203	83.992
195.860	24.313	84.017
196.038	23.335	84.125
196.014	23.301	84.089
195.865	24.290	84.079
195.732	25.934	84.044
195.598	27.498	83.925
195.456	28.392	83.954
195.417	27.896	83.978
195.544	26.188	84.028
195.866	24.354	84.015
196.070	23.330	84.092
196.067	23.272	84.078
195.911	24.337	83.989
195.697	25.942	84.031
195.605	27.512	83.870
195.418	28.539	84.120
195.392	27.797	84.054
195.575	26.288	83.959
195.860	24.421	83.968
196.037	23.309	84.153
196.046	23.266	84.081
195.856	24.241	84.051
195.684	25.947	83.979
195.521	27.550	84.109
195.411	28.595	84.066
195.392	27.871	84.014
195.575	26.384	83.912
195.853	24.477	83.977
196.027	23.426	84.109
196.094	23.401	83.954
195.893	24.290	84.013
195.714	25.927	83.966
195.565	27.654	83.980
195.365	28.662	84.035
195.403	27.924	83.999
195.526	26.267	84.069
195.850	24.514	83.956
196.035	23.356	84.140
196.077	23.290	84.019
195.903	24.326	83.958
195.723	25.863	83.989
195.530	27.619	83.978
195.381	28.625	84.017
195.410	27.912	84.018
195.549	26.405	83.965
195.845	24.524	83.970
196.051	23.335	84.112
196.101	23.096	83.921
195.935	24.169	84.028
195.748	25.823	84.009
195.615	27.439	83.861
195.412	28.535	84.151
195.386	27.993	84.005
195.524	26.366	84.053
195.843	24.600	83.950
196.043	23.355	84.144
196.074	23.285	84.035
195.911	24.226	83.991
195.739	25.866	83.935
195.572	27.569	83.992
195.474	28.355	83.985
195.439	28.100	83.905
195.541	26.495	83.995
195.849	24.632	83.965
196.031	23.340	84.193
196.088	23.306	83.998
195.912	24.197	83.966
195.723	25.760	84.030
195.613	27.252	83.950
195.425	28.450	84.140
195.401	28.026	83.975
195.513	26.459	84.027
195.815	24.639	83.973
196.033	23.402	84.129
196.071	23.292	84.002
195.890	24.163	84.007
195.736	25.765	83.968
195.634	27.265	83.875
195.450	28.508	84.106
195.425	28.075	83.947
195.531	26.578	83.966
195.815	24.691	84.006
196.010	23.506	84.110
196.094	23.300	84.003
195.900	24.125	84.029
195.748	25.709	83.958
195.551	27.380	84.043
195.476	28.230	83.977
195.449	28.097	83.925
195.551	26.659	83.902
195.808	24.710	83.997
195.990	23.495	84.120
196.077	23.265	84.056
195.918	24.144	84.007
195.749	25.693	83.951
195.573	27.457	83.927
195.372	28.504	84.070
195.403	27.996	84.021
195.515	26.571	84.001
195.798	24.790	83.951
195.995	23.447	84.171
196.072	23.235	84.045
195.900	24.128	83.968
195.759	25.603	83.989
195.579	27.327	83.976
195.479	28.245	83.956
195.436	28.329	84.036
195.524	26.673	83.975
195.795	24.806	84.013
196.006	23.562	84.077
196.087	23.239	84.056
195.924	23.994	84.043
195.770	25.563	84.043
195.629	27.032	83.966
195.465	28.438	84.092
195.392	28.358	84.095
195.499	26.685	84.027
195.770	24.822	84.006
196.029	23.548	84.096
196.062	23.188	84.088
195.916	23.995	84.028
195.722	25.580	83.961
195.633	27.074	83.935
195.438	28.484	84.107
195.370	28.435	84.073
195.485	26.729	84.009
195.793	24.891	83.954
195.993	23.469	84.176
196.094	23.285	83.988
195.922	23.943	84.050
195.757	25.551	83.954
195.655	27.101	83.875
195.458	28.448	84.095
195.423	28.405	84.071
195.501	26.768	83.985
195.785	24.958	83.926
196.001	23.563	84.141
196.081	23.237	84.054
195.928	23.944	84.003
195.765	25.457	84.016
195.579	27.174	84.084
195.383	28.491	84.062
195.318	28.542	83.976
195.472	26.741	84.050
195.767	24.947	83.980
195.982	23.588	84.132
196.106	23.292	83.974
195.921	23.924	84.008
195.757	25.452	83.991
195.664	26.983	83.856
195.443	28.307	84.146
195.386	28.414	84.094
195.491	26.870	83.965
195.765	25.045	83.930
195.997	23.616	84.111
196.090	23.229	84.050
195.957	23.912	83.982
195.797	25.409	83.979
195.623	27.189	83.948
195.495	28.191	83.931
195.394	28.324	84.162
195.498	26.954	83.949
195.724	24.951	84.070
195.993	23.678	84.088
196.070	23.236	84.048
195.938	23.857	84.027
195.763	25.408	83.955
195.595	27.076	84.073
195.445	28.504	83.963
195.366	28.591	83.937
195.472	26.930	83.991
195.733	25.027	84.001
195.971	23.684	84.135
196.087	23.217	84.015
195.924	23.826	84.040
195.782	25.374	83.944
195.601	27.136	83.952
195.422	28.363	84.043
195.348	28.464	84.099
195.498	26.981	83.938
195.724	25.025	84.039
196.003	23.693	84.101
196.095	23.257	84.018
195.920	23.805	84.042
195.807	25.283	83.978
195.590	27.010	84.006
195.426	28.355	84.046
195.355	28.536	84.008
195.504	27.066	83.920
195.737	25.178	83.955
195.973	23.662	84.171
196.098	23.235	84.051
195.938	23.842	83.999
195.788	25.304	83.954
195.630	27.123	83.882
195.433	28.413	83.963
195.327	28.642	84.018
195.476	27.087	83.959
195.732	25.218	83.966
195.973	23.479	84.081
196.094	23.177	84.059
195.972	23.741	84.040
195.841	24.992	83.889
195.671	26.963	83.956
195.485	28.322	84.050
195.375	28.568	84.043
195.448	26.991	84.074
195.701	25.100	84.070
195.951	23.732	84.180
196.099	23.226	84.017
195.943	23.731	84.080
195.793	25.221	83.975
195.589	27.005	83.986
195.491	28.334	84.024
195.325	28.690	83.940
195.480	27.159	83.935
195.706	25.199	84.030
195.983	23.582	84.008
196.083	23.204	84.070
195.978	23.694	84.068
195.817	25.199	83.988
195.646	26.951	83.965
195.495	28.029	83.980
195.414	28.246	83.985
195.452	27.089	84.039
195.696	25.262	84.010
195.982	23.618	84.021
196.111	23.253	84.027
195.975	23.674	84.061
195.808	25.138	83.983
195.627	26.902	83.970
195.466	28.256	84.087
195.361	28.516	84.084
195.455	27.115	84.003
195.704	25.315	83.967
195.986	23.628	84.003
196.100	23.194	84.067
195.981	23.684	84.036
195.830	25.055	83.997
195.634	26.871	83.968
195.451	28.278	84.045
195.344	28.569	84.060
195.449	27.179	84.007
195.676	25.332	83.999
195.975	23.678	84.026
196.088	23.169	84.110
195.943	23.652	84.055
195.822	25.039	84.024
195.650	26.811	83.962
195.471	28.206	84.078
195.369	28.651	84.019
195.453	27.256	83.981
195.680	25.376	83.984
195.965	23.677	84.020
196.101	23.209	84.033
195.994	23.606	84.060
195.820	25.056	83.976
195.662	26.787	83.982
195.497	28.224	84.061
195.364	28.652	83.980
195.461	27.282	83.959
195.686	25.412	83.994
195.985	23.738	83.988
196.122	23.220	84.038
195.952	23.620	84.052
195.860	24.974	84.025
195.642	26.768	83.981
195.453	28.221	84.065
195.333	28.534	84.084
195.457	27.306	83.978
195.659	25.406	84.024
195.962	23.771	83.994
196.057	23.143	84.186
195.995	23.559	84.085
195.820	25.023	83.966
195.642	26.726	83.963
195.540	27.990	83.912
195.414	28.575	84.052
195.467	27.370	83.944
195.667	25.479	84.012
195.952	23.769	84.040
196.102	23.245	84.072
195.992	23.553	84.060
195.839	24.917	83.978
195.642	26.579	84.017
195.508	28.114	84.074
195.367	28.646	83.995
195.466	27.403	83.955
195.667	25.531	83.990
195.967	23.860	83.982
196.090	23.248	84.054
195.975	23.542	84.057
195.871	24.934	83.936
195.684	26.548	84.039
195.500	28.037	84.144
195.368	28.689	84.030
195.404	27.323	84.075
195.634	25.501	84.050
195.938	23.834	84.003
196.048	23.132	84.181
196.006	23.514	84.073
195.847	24.789	84.050
195.644	26.621	83.923
195.501	28.130	83.992
195.353	28.594	84.086
195.446	27.449	83.946
195.646	25.586	84.015
195.956	23.919	83.974
196.093	23.251	84.081
195.994	23.542	84.055
195.880	24.847	83.974
195.691	26.211	84.007
195.506	27.901	84.193
195.379	28.500	84.129
195.426	27.355	84.043
195.675	25.696	83.926
195.944	23.893	83.996
196.071	23.134	84.184
196.019	23.532	83.984
195.843	24.736	84.047
195.622	26.506	84.002
195.527	27.772	83.995
195.433	28.534	84.114
195.442	27.500	83.965
195.629	25.650	84.012
195.948	23.964	83.974
196.082	23.192	84.118
196.019	23.540	84.024
195.853	24.747	84.028
195.610	26.575	83.913
195.510	28.027	84.049
195.379	28.494	84.159
195.421	27.403	84.066
195.661	25.776	83.933
195.939	23.945	84.038
196.095	23.291	84.068
195.978	23.451	84.092
195.878	24.702	84.029
195.638	26.362	84.039
195.499	27.913	84.105
195.360	28.541	84.118
195.432	27.492	83.991
195.635	25.759	83.990
195.944	24.016	83.997
196.080	23.294	84.077
196.006	23.474	84.054
195.878	24.707	83.969
195.667	26.222	84.149
195.486	27.979	84.052
195.429	28.285	84.023
195.423	27.539	84.001
195.623	25.841	83.963
195.926	24.062	83.981
196.100	23.274	84.069
196.020	23.474	83.986
195.871	24.636	84.016
195.649	26.323	84.066
195.502	28.021	84.002
195.386	28.661	84.041
195.422	27.593	84.003
195.610	25.850	84.011
195.935	24.083	83.986
196.101	23.326	84.048
196.024	23.476	84.005
195.855	24.644	83.979
195.671	26.305	84.040
195.524	27.921	84.060
195.420	28.304	84.042
195.425	27.652	83.954
195.602	25.876	84.020
195.906	24.053	84.045
196.102	23.282	84.069
196.033	23.440	84.016
195.875	24.582	84.005
195.660	26.224	84.095
195.558	27.654	83.981
195.414	28.536	84.140
195.425	27.614	84.013
195.605	25.895	84.028
195.927	24.184	83.959
196.051	23.194	84.200
196.030	23.405	84.051
195.896	24.589	83.985
195.687	26.169	84.088
195.560	27.631	83.969
195.445	28.357	83.988
195.428	27.680	83.998
195.611	25.973	84.000
195.897	24.121	84.035
196.045	23.219	84.185
196.049	23.375	84.061
195.896	24.567	83.969
195.698	26.199	84.014
195.577	27.639	83.919
195.445	28.608	84.010
195.438	27.693	83.970
195.585	25.930	84.067
195.905	24.225	83.968
196.041	23.252	84.160
196.030	23.420	83.995
195.863	24.513	83.981
195.701	26.034	84.096
195.573	27.548	83.923
195.459	28.301	83.986
195.424	27.735	83.947
195.595	26.088	83.961
195.874	24.164	84.058
196.056	23.324	84.095
196.065	23.407	83.983
195.893	24.467	83.985
195.698	26.069	84.050
195.576	27.518	83.955
195.433	28.504	84.140
195.412	27.749	83.983
195.564	26.033	84.063
195.896	24.327	83.951
196.033	23.241	84.171
196.056	23.290	84.105
195.896	24.405	84.017
195.665	26.157	83.945
195.573	27.455	83.987
195.457	28.364	83.953
195.414	27.833	83.953
195.559	26.111	84.029
195.877	24.333	83.987
196.046	23.341	84.079
196.081	23.420	83.965
195.892	24.425	83.987
195.733	26.032	83.976
195.524	27.691	84.051
195.368	28.592	84.095
195.427	27.870	83.941
195.545	26.118	84.065
195.873	24.350	83.995
196.035	23.245	84.200
196.075	23.371	83.996
195.880	24.359	84.003
195.724	25.995	83.999
195.561	27.676	84.009
195.415	28.613	84.041
195.422	27.901	83.933
195.569	26.290	83.957
195.865	24.441	83.960
196.045	23.413	84.085
196.059	23.376	84.017
195.864	24.300	84.060
195.721	25.968	83.960
195.597	27.424	83.909
195.403	28.438	84.183
195.411	27.862	83.981
195.564	26.331	83.958
195.851	24.462	83.957
196.017	23.365	84.125
196.075	23.355	83.985
195.905	24.291	84.005
195.697	25.969	83.956
195.565	27.614	84.020
195.447	28.454	84.122
195.398	27.804	84.061
195.561	26.297	84.003
195.852	24.431	84.018
196.033	23.314	84.173
196.042	23.316	84.065
195.906	24.292	83.980
195.676	26.008	83.915
195.518	27.540	84.083
195.395	28.678	83.958
195.404	27.854	84.037
195.560	26.361	83.955
195.846	24.508	83.977
196.036	23.347	84.149
196.083	23.356	83.979
195.889	24.264	83.986
195.685	26.003	83.883
195.611	27.351	83.934
195.423	28.515	84.137
195.417	27.971	83.948
195.555	26.416	83.936
195.833	24.488	84.019
196.027	23.428	84.132
196.085	23.389	83.968
195.906	24.255	84.003
195.744	25.826	84.000
195.616	27.292	83.937
195.435	28.369	84.254
195.408	27.895	84.009
195.535	26.335	84.042
195.829	24.571	83.985
196.026	23.388	84.197
196.077	23.273	84.043
195.907	24.182	84.008
195.766	25.818	83.924
195.602	27.226	83.954
195.418	28.380	84.204
195.405	27.959	83.986
195.560	26.553	83.903
195.810	24.531	84.065
196.026	23.504	84.085
196.070	23.332	84.038
195.919	24.193	83.986
195.712	25.746	83.987
195.580	27.435	84.022
195.425	28.509	84.042
195.429	28.041	83.945
195.546	26.580	83.921
195.815	24.656	83.991
195.986	23.393	84.219
196.071	23.268	84.035
195.910	24.121	84.018
195.713	25.699	84.024
195.634	27.224	83.904
195.448	28.413	84.128
195.432	28.079	83.938
195.540	26.609	83.922
195.820	24.756	83.952
196.022	23.440	84.125
196.073	23.255	84.077
195.916	24.111	84.004
195.746	25.705	83.954
195.597	27.438	83.988
195.378	28.570	83.975
195.405	28.054	83.990
195.510	26.609	83.997
195.797	24.822	83.960
195.986	23.530	84.122
196.080	23.325	83.969
195.920	24.061	84.022
195.744	25.599	83.989
195.611	27.329	84.022
195.416	28.525	84.022
195.419	28.071	84.000
195.522	26.727	83.928
195.787	24.833	83.962
195.988	23.523	84.144
196.097	23.213	84.057
195.932	24.027	84.002
195.764	25.614	83.950
195.626	27.309	83.989
195.478	28.199	84.000
195.400	28.022	84.044
195.523	26.745	83.948
195.796	24.895	83.935
195.994	23.546	84.128
196.075	23.221	84.083
195.909	24.024	84.039
195.757	25.505	84.022
195.566	27.350	83.968
195.449	28.469	84.020
195.427	28.097	83.966
195.491	26.725	83.995
195.763	24.844	84.005
195.983	23.578	84.123
196.091	23.276	84.000
195.899	24.034	84.002
195.802	25.544	83.972
195.578	27.280	83.943
195.493	28.146	83.983
195.406	28.297	84.083
195.497	26.756	83.997
195.767	24.923	83.993
195.992	23.584	84.160
196.094	23.269	84.033
195.911	23.982	83.987
195.777	25.423	83.998
195.590	27.233	83.943
195.485	28.308	84.115
195.339	28.489	83.935
195.486	26.793	84.008
195.761	25.024	83.939
195.977	23.627	84.145
196.064	23.249	84.041
195.924	23.932	84.003
195.752	25.434	83.961
195.572	27.181	83.966
195.410	28.430	83.997
195.419	28.176	83.957
195.490	26.916	83.951
195.759	25.100	83.941
195.965	23.699	84.151
196.089	23.314	83.993
195.939	23.886	84.007
195.802	25.435	83.914
195.665	27.089	83.945
195.455	28.264	84.084
195.380	28.512	83.954
195.513	26.996	83.938
195.741	25.137	83.955
195.962	23.748	84.132
196.047	23.268	84.042
195.927	23.860	84.016
195.775	25.301	83.936
195.618	27.063	83.917
195.504	28.013	83.977
195.417	28.390	84.103
195.491	27.037	83.936
195.710	25.156	84.002
195.958	23.770	84.134
196.065	23.252	84.022
195.893	23.788	84.019
195.800	25.211	83.960
195.631	26.923	83.988
195.446	28.322	84.014
195.335	28.495	84.044
195.472	27.129	83.952
195.695	25.204	84.042
195.945	23.809	84.164
196.091	23.240	84.059
195.922	23.750	84.036
195.868	24.918	83.881
195.688	26.583	83.919
195.521	27.951	83.984
195.408	28.445	84.095
195.464	27.183	83.966
195.680	25.254	84.054
195.978	23.663	84.029
196.082	23.158	84.148
195.952	23.618	84.079
195.788	25.118	83.936
195.677	26.797	83.948
195.464	28.213	84.008
195.416	28.183	84.026
195.474	27.305	83.912
195.667	25.360	84.033
195.963	23.759	83.998
196.111	23.251	84.038
195.990	23.608	84.066
195.850	24.969	83.991
195.652	26.606	84.051
195.496	28.161	84.028
195.377	28.534	84.040
195.463	27.323	83.955
195.667	25.494	83.982
195.954	23.779	84.029
196.097	23.274	84.043
196.001	23.541	84.059
195.851	24.870	84.025
195.712	26.351	83.936
195.504	27.994	84.131
195.394	28.525	84.064
195.431	27.340	84.019
195.660	25.558	83.997
195.940	23.832	84.027
196.076	23.162	84.132
195.995	23.535	84.052
195.848	24.876	83.984
195.673	26.550	84.025
195.462	28.042	84.110
195.369	28.571	84.086
195.439	27.407	83.998
195.663	25.671	83.940
195.947	23.902	83.986
196.088	23.229	84.071
196.005	23.506	84.036
195.866	24.822	83.967
195.666	26.511	83.985
195.502	28.039	84.031
195.430	28.282	84.001
195.436	27.422	84.005
195.660	25.747	83.940
195.961	23.994	83.959
196.097	23.269	84.091
196.031	23.504	84.049
195.850	24.710	84.025
195.650	26.342	84.100
195.559	27.786	83.930
195.414	28.509	84.121
195.438	27.484	83.982
195.646	25.727	83.999
195.931	24.005	83.976
196.098	23.267	84.048
195.990	23.454	84.089
195.865	24.722	83.995
195.652	26.295	84.106
195.463	28.034	83.947
195.444	28.280	83.968
195.424	27.481	84.005
195.636	25.785	83.972
195.917	24.004	84.025
196.064	23.218	84.146
196.019	23.455	84.046
195.857	24.719	83.963
195.670	26.252	84.088
195.522	27.900	84.067
195.440	28.278	84.008
195.445	27.577	83.958
195.626	25.833	83.982
195.937	24.120	83.976
196.078	23.239	84.117
196.044	23.449	84.059
195.871	24.626	83.982
195.685	26.260	84.019
195.525	27.885	84.008
195.362	28.615	84.030
195.435	27.575	84.018
195.606	25.924	84.004
195.917	24.117	84.007
196.078	23.267	84.132
196.011	23.439	84.048
195.890	24.603	83.948
195.694	26.160	84.067
195.489	27.842	84.068
195.408	28.592	84.020
195.429	27.651	83.976
195.601	25.933	84.025
195.904	24.135	84.046
196.079	23.246	84.136
196.052	23.373	84.055
195.894	24.563	83.965
195.663	26.194	83.998
195.564	27.552	83.958
195.458	28.522	84.072
195.430	27.693	83.992
195.610	26.050	83.983
195.915	24.266	83.954
196.060	23.319	84.100
196.054	23.394	84.027
195.891	24.483	83.986
195.647	26.154	83.997
195.564	27.508	83.985
195.415	28.462	84.175
195.426	27.691	83.978
195.568	26.034	84.010
195.898	24.261	83.987
196.062	23.240	84.163
196.079	23.473	83.926
195.911	24.507	83.948
195.673	26.065	84.014
195.521	27.761	84.010
195.400	28.551	84.098
195.399	27.682	84.056
195.577	26.140	83.949
195.897	24.312	83.981
196.060	23.331	84.119
196.057	23.317	84.079
195.893	24.422	83.998
195.710	25.958	84.103
195.535	27.709	84.017
195.453	28.286	84.012
195.420	27.766	84.001
195.572	26.138	84.008
195.865	24.342	83.993
196.049	23.288	84.163
196.014	23.318	84.098
195.876	24.327	84.050
195.733	26.032	83.974
195.601	27.468	83.895
195.443	28.447	84.146
195.432	27.838	83.944
195.538	26.114	84.073
195.876	24.412	83.975
196.049	23.351	84.135
196.077	23.375	84.004
195.889	24.339	83.980
195.707	25.933	84.020
195.550	27.628	83.995
195.350	28.601	83.997
195.424	27.840	83.969
195.548	26.168	84.071
195.852	24.422	83.993
196.037	23.303	84.181
196.064	23.331	84.043
195.883	24.285	83.991
195.728	25.920	83.971
195.595	27.295	83.974
195.444	28.420	84.134
195.437	27.943	83.922
195.553	26.310	83.991
195.844	24.480	84.004
196.019	23.332	84.182
196.057	23.289	84.027
195.908	24.258	84.008
195.723	25.833	84.008
195.563	27.520	84.034
195.469	28.284	83.972
195.390	27.853	84.067
195.543	26.428	83.964
195.843	24.600	83.960
196.010	23.331	84.202
196.071	23.327	83.990
195.901	24.218	84.014
195.691	25.747	84.049
195.624	27.312	83.904
195.440	28.441	84.159
195.406	27.939	84.009
195.540	26.416	84.025
195.827	24.545	84.022
196.029	23.305	84.231
196.058	23.273	84.041
195.903	24.207	83.978
195.753	25.731	84.027
195.568	27.508	84.025
195.484	28.347	83.923
195.430	28.068	83.927
195.534	26.485	83.985
195.824	24.636	83.983
196.024	23.516	84.050
196.040	23.243	84.098
195.898	24.226	83.956
195.743	25.695	84.038
195.627	27.251	83.920
195.439	28.435	84.144
195.404	28.021	83.989
195.528	26.500	84.015
195.836	24.663	83.981
196.030	23.403	84.158
196.043	23.301	84.033
195.897	24.180	83.953
195.737	25.696	83.994
195.597	27.477	83.997
195.410	28.603	84.004
195.414	28.015	84.003
195.535	26.551	83.985
195.821	24.711	83.977
196.022	23.410	84.174
196.096	23.234	84.068
195.912	24.113	84.026
195.752	25.717	83.965
195.548	27.586	83.852
195.407	28.458	84.092
195.341	28.317	84.073
195.541	26.617	83.936
195.792	24.674	84.037
196.038	23.317	83.983
196.090	23.206	84.089
195.921	24.088	84.052
195.776	25.705	83.970
195.573	27.343	84.071
195.441	28.527	84.035
195.432	28.136	83.911
195.532	26.654	83.919
195.809	24.746	83.994
196.040	23.505	84.122
196.069	23.295	84.006
195.896	24.120	84.006
195.763	25.645	83.961
195.568	27.381	83.986
195.371	28.530	84.048
195.417	28.059	83.988
195.536	26.672	83.961
195.801	24.815	83.967
195.996	23.514	84.156
196.056	23.347	83.981
195.905	24.029	84.032
195.729	25.658	83.927
195.585	27.349	83.999
195.402	28.462	84.137
195.409	28.101	83.983
195.492	26.631	84.048
195.792	24.839	83.986
196.006	23.502	84.145
196.073	23.281	84.005
195.902	23.972	84.048
195.726	25.629	83.907
195.623	27.317	83.942
195.396	28.554	83.970
195.317	28.345	84.085
195.495	26.669	84.035
195.787	24.888	83.954
195.995	23.539	84.125
196.048	23.158	84.137
195.947	24.023	83.990
195.738	25.576	83.932
195.646	27.326	83.930
195.392	28.549	84.018
195.306	28.489	84.027
195.506	26.815	83.955
195.765	24.887	84.005
196.025	23.334	84.042
196.113	23.200	84.046
195.943	23.906	84.051
195.779	25.440	83.983
195.588	27.244	83.989
195.426	28.491	84.044
195.348	28.438	84.044
195.516	26.879	83.915
195.769	24.932	83.981
195.981	23.572	84.154
196.078	23.253	84.021
195.933	23.927	84.002
195.783	25.505	83.930
195.575	27.177	84.043
195.412	28.450	84.042
195.359	28.516	83.967
195.483	26.800	83.992
195.747	24.911	84.053
196.005	23.622	84.114
196.105	23.207	84.046
195.952	23.899	84.019
195.776	25.392	83.994
195.635	26.836	84.004
195.463	28.309	84.129
195.391	28.448	84.067
