Time,Displacement,Force
(s),(mm),(kN)
"0.0000","0.0000","0.0000"
"0.0200","0.0019","0.0001"
"0.0400","0.0360","0.0002"
"0.0600","0.1214","0.0001"
"0.0800","0.2278","0.0001"
"0.1000","0.3507","0.0001"
"0.1200","0.4806","0.0000"
"0.1400","0.6063","0.0000"
"0.1600","0.7280","0.0001"
"0.1800","0.8488","0.0001"
"0.2000","0.9696","0.0001"
"0.2200","1.0901","0.0001"
"0.2400","1.2101","0.0001"
"0.2600","1.3305","0.0001"
"0.2800","1.4511","0.0001"
"0.3000","1.5714","0.0001"
"0.3200","1.6914","0.0001"
"0.3400","1.8112","0.0001"
"0.3600","1.9314","0.0001"
"0.3800","2.0510","0.0001"
"0.4000","2.1706","0.0001"
"0.4200","2.2907","0.0001"
"0.4400","2.4107","0.0001"
"0.4600","2.5309","0.0001"
"0.4800","2.6509","0.0001"
"0.5000","2.7708","0.0001"
"0.5200","2.8904","0.0002"
"0.5390","3.0039","0.0002"
"0.5400","3.0099","0.0002"
"0.5410","3.0159","0.0002"
"0.5610","3.1312","0.0000"
"0.5810","3.1739","-0.0001"
"0.6010","3.1110","0.0000"
"0.6210","3.0049","0.0001"
"0.6410","2.8784","0.0001"
"0.6610","2.7462","0.0002"
"0.6810","2.6194","0.0002"
"0.7010","2.4977","0.0001"
"0.7210","2.3769","0.0001"
"0.7410","2.2559","0.0001"
"0.7610","2.1353","0.0001"
"0.7810","2.0148","0.0001"
"0.8010","1.8949","0.0001"
"0.8210","1.7751","0.0001"
"0.8410","1.6548","0.0000"
"0.8610","1.5347","0.0000"
"0.8810","1.4147","0.0001"
"0.9010","1.2945","0.0001"
"0.9210","1.1741","0.0000"
"0.9410","1.0538","0.0000"
"0.9610","0.9343","0.0000"
"0.9810","0.8144","0.0000"
"1.0010","0.6942","0.0000"
"1.0210","0.5739","0.0000"
"1.0410","0.4539","0.0000"
"1.0610","0.3343","0.0000"
"1.0810","0.2141","0.0000"
"1.1010","0.0937","0.0000"
"1.1210","-0.0263","0.0000"
"1.1410","-0.1457","0.0000"
"1.1610","-0.2653","0.0000"
"1.1810","-0.3855","0.0000"
"1.2010","-0.5058","-0.0001"
"1.2210","-0.6261","-0.0001"
"1.2410","-0.7464","-0.0001"
"1.2610","-0.8659","-0.0001"
"1.2810","-0.9856","0.0000"
"1.3010","-1.1057","0.0000"
"1.3210","-1.2260","-0.0001"
"1.3410","-1.3461","-0.0001"
"1.3610","-1.4658","-0.0001"
"1.3810","-1.5857","-0.0001"
"1.4010","-1.7059","-0.0001"
"1.4210","-1.8261","-0.0001"
"1.4410","-1.9460","-0.0001"
"1.4610","-2.0656","-0.0001"
"1.4810","-2.1854","-0.0001"
"1.5010","-2.3056","-0.0001"
"1.5210","-2.4260","-0.0001"
"1.5410","-2.5461","-0.0001"
"1.5610","-2.6657","-0.0002"
"1.5810","-2.7857","-0.0002"
"1.6010","-2.9061","-0.0002"
"1.6170","-3.0023","-0.0002"
"1.6180","-3.0083","-0.0002"
"1.6190","-3.0143","-0.0002"
"1.6390","-3.1292","0.0000"
"1.6590","-3.1699","0.0001"
"1.6790","-3.1040","-0.0001"
"1.6990","-2.9970","-0.0001"
"1.7190","-2.8721","-0.0001"
"1.7390","-2.7409","-0.0001"
"1.7590","-2.6141","-0.0001"
"1.7790","-2.4925","-0.0001"
"1.7990","-2.3723","-0.0001"
"1.8190","-2.2513","-0.0001"
"1.8390","-2.1302","-0.0001"
"1.8590","-2.0097","-0.0001"
"1.8790","-1.8898","0.0000"
"1.8990","-1.7699","0.0000"
"1.9190","-1.6495","-0.0001"
"1.9390","-1.5291","-0.0001"
"1.9590","-1.4088","0.0000"
"1.9790","-1.2890","0.0000"
"1.9990","-1.1693","0.0000"
"2.0190","-1.0492","0.0000"
"2.0390","-0.9291","0.0000"
"2.0590","-0.8090","0.0000"
"2.0790","-0.6893","0.0000"
"2.0990","-0.5697","0.0000"
"2.1190","-0.4494","0.0000"
"2.1390","-0.3291","0.0000"
"2.1590","-0.2089","0.0000"
"2.1790","-0.0889","0.0000"
"2.1990","0.0307","0.0000"
"2.2190","0.1505","0.0000"
"2.2390","0.2705","0.0000"
"2.2590","0.3910","0.0000"
"2.2790","0.5110","0.0000"
"2.2990","0.6306","0.0001"
"2.3190","0.7507","0.0001"
"2.3390","0.8708","0.0001"
"2.3590","0.9908","0.0001"
"2.3790","1.1106","0.0001"
"2.3990","1.2304","0.0001"
"2.4190","1.3507","0.0001"
"2.4390","1.4710","0.0001"
"2.4590","1.5913","0.0001"
"2.4790","1.7111","0.0001"
"2.4990","1.8309","0.0001"
"2.5190","1.9511","0.0001"
"2.5390","2.0707","0.0001"
"2.5590","2.1905","0.0001"
"2.5790","2.3105","0.0001"
"2.5990","2.4305","0.0001"
"2.6190","2.5507","0.0001"
"2.6390","2.6708","0.0001"
"2.6590","2.7908","0.0001"
"2.6790","2.9104","0.0002"
"2.6950","3.0058","0.0002"
"2.6960","3.0117","0.0002"
"2.6970","3.0177","0.0002"
"2.7170","3.1324","0.0000"
"2.7370","3.1752","-0.0001"
"2.7570","3.1123","0.0000"
"2.7770","3.0064","0.0001"
"2.7970","2.8802","0.0001"
"2.8170","2.7480","0.0002"
"2.8370","2.6212","0.0001"
"2.8570","2.4995","0.0001"
"2.8770","2.3787","0.0001"
"2.8970","2.2576","0.0001"
"2.9170","2.1371","0.0001"
"2.9370","2.0166","0.0001"
"2.9570","1.8966","0.0001"
"2.9770","1.7768","0.0001"
"2.9970","1.6565","0.0001"
"3.0170","1.5364","0.0001"
"3.0370","1.4164","0.0001"
"3.0570","1.2963","0.0001"
"3.0770","1.1758","0.0000"
"3.0970","1.0555","0.0000"
"3.1170","0.9360","0.0000"
"3.1370","0.8162","0.0000"
"3.1570","0.6960","0.0000"
"3.1770","0.5757","0.0000"
"3.1970","0.4556","0.0000"
"3.2170","0.3360","0.0000"
"3.2370","0.2158","0.0000"
"3.2570","0.0954","0.0000"
"3.2770","-0.0246","0.0000"
"3.2970","-0.1442","0.0000"
"3.3170","-0.2638","0.0000"
"3.3370","-0.3838","-0.0001"
"3.3570","-0.5040","0.0000"
"3.3770","-0.6244","0.0000"
"3.3970","-0.7447","0.0000"
"3.4170","-0.8642","-0.0001"
"3.4370","-0.9838","-0.0001"
"3.4570","-1.1039","-0.0001"
"3.4770","-1.2243","-0.0001"
"3.4970","-1.3444","-0.0001"
"3.5170","-1.4641","-0.0001"
"3.5370","-1.5840","-0.0001"
"3.5570","-1.7042","-0.0001"
"3.5770","-1.8244","-0.0001"
"3.5970","-1.9444","-0.0001"
"3.6170","-2.0639","-0.0001"
"3.6370","-2.1837","-0.0001"
"3.6570","-2.3038","-0.0001"
"3.6770","-2.4243","-0.0001"
"3.6970","-2.5445","-0.0001"
"3.7170","-2.6641","-0.0001"
"3.7370","-2.7841","-0.0002"
"3.7570","-2.9043","-0.0002"
"3.7730","-3.0005","-0.0002"
"3.7740","-3.0065","-0.0002"
"3.7750","-3.0125","-0.0002"
"3.7950","-3.1275","0.0000"
"3.8150","-3.1684","0.0001"
"3.8350","-3.1024","0.0000"
"3.8550","-2.9955","-0.0001"
"3.8750","-2.8708","-0.0001"
"3.8950","-2.7394","-0.0001"
"3.9150","-2.6126","-0.0001"
"3.9350","-2.4911","-0.0001"
"3.9550","-2.3710","-0.0001"
"3.9750","-2.2500","-0.0001"
"3.9950","-2.1289","-0.0001"
"4.0150","-2.0083","-0.0001"
"4.0350","-1.8884","-0.0001"
"4.0550","-1.7685","0.0000"
"4.0750","-1.6481","0.0000"
"4.0950","-1.5277","0.0000"
"4.1150","-1.4074","-0.0001"
"4.1350","-1.2876","-0.0001"
"4.1550","-1.1680","0.0000"
"4.1750","-1.0478","0.0000"
"4.1950","-0.9277","0.0000"
"4.2150","-0.8076","0.0000"
"4.2350","-0.6879","0.0000"
"4.2550","-0.5683","0.0000"
"4.2750","-0.4479","0.0000"
"4.2950","-0.3275","0.0000"
"4.3150","-0.2074","0.0000"
"4.3350","-0.0876","0.0000"
"4.3550","0.0320","0.0000"
"4.3750","0.1519","0.0000"
"4.3950","0.2719","0.0000"
"4.4150","0.3924","0.0001"
"4.4350","0.5124","0.0001"
"4.4550","0.6320","0.0000"
"4.4750","0.7521","0.0000"
"4.4950","0.8722","0.0001"
"4.5150","0.9923","0.0001"
"4.5350","1.1122","0.0001"
"4.5550","1.2319","0.0001"
"4.5750","1.3522","0.0001"
"4.5950","1.4725","0.0001"
"4.6150","1.5927","0.0001"
"4.6350","1.7125","0.0001"
"4.6550","1.8323","0.0001"
"4.6750","1.9524","0.0001"
"4.6950","2.0720","0.0001"
"4.7150","2.1918","0.0001"
"4.7350","2.3119","0.0001"
"4.7550","2.4319","0.0001"
"4.7750","2.5522","0.0001"
"4.7950","2.6722","0.0001"
"4.8150","2.7922","0.0001"
"4.8350","2.9119","0.0002"
"4.8500","3.0015","0.0002"
"4.8510","3.0075","0.0002"
"4.8520","3.0134","0.0002"
"4.8720","3.1286","0.0000"
"4.8920","3.1708","-0.0001"
"4.9120","3.1070","0.0000"
"4.9320","3.0007","0.0001"
"4.9520","2.8747","0.0001"
"4.9720","2.7430","0.0002"
"4.9920","2.6163","0.0002"
"5.0120","2.4946","0.0001"
"5.0320","2.3738","0.0001"
"5.0520","2.2528","0.0001"
"5.0720","2.1323","0.0001"
"5.0920","2.0119","0.0001"
"5.1120","1.8919","0.0001"
"5.1320","1.7719","0.0001"
"5.1520","1.6516","0.0000"
"5.1720","1.5316","0.0001"
"5.1920","1.4116","0.0001"
"5.2120","1.2914","0.0001"
"5.2320","1.1710","0.0000"
"5.2520","1.0508","0.0000"
"5.2720","0.9313","0.0000"
"5.2920","0.8115","0.0000"
"5.3120","0.6913","0.0000"
"5.3320","0.5709","0.0000"
"5.3520","0.4509","0.0000"
"5.3720","0.3312","0.0000"
"5.3920","0.2110","0.0000"
"5.4120","0.0906","0.0000"
"5.4320","-0.0294","0.0000"
"5.4520","-0.1490","0.0000"
"5.4720","-0.2685","0.0000"
"5.4920","-0.3886","-0.0001"
"5.5120","-0.5087","-0.0001"
"5.5320","-0.6291","0.0000"
"5.5520","-0.7494","0.0000"
"5.5720","-0.8689","-0.0001"
"5.5920","-0.9886","-0.0001"
"5.6120","-1.1087","-0.0001"
"5.6320","-1.2290","-0.0001"
"5.6520","-1.3492","-0.0001"
"5.6720","-1.4688","-0.0001"
"5.6920","-1.5888","-0.0001"
"5.7120","-1.7090","-0.0001"
"5.7320","-1.8291","-0.0001"
"5.7520","-1.9491","-0.0001"
"5.7720","-2.0687","-0.0001"
"5.7920","-2.1885","-0.0001"
"5.8120","-2.3087","-0.0001"
"5.8320","-2.4292","-0.0001"
"5.8520","-2.5493","-0.0001"
"5.8720","-2.6688","-0.0001"
"5.8920","-2.7888","-0.0001"
"5.9120","-2.9091","-0.0002"
"5.9280","-3.0053","-0.0002"
"5.9290","-3.0113","-0.0002"
"5.9300","-3.0173","-0.0002"
"5.9500","-3.1323","0.0000"
"5.9700","-3.1731","0.0001"
"5.9900","-3.1069","0.0000"
"6.0100","-3.0000","-0.0001"
"6.0300","-2.8753","-0.0001"
"6.0500","-2.7440","-0.0001"
"6.0700","-2.6173","-0.0001"
"6.0900","-2.4957","-0.0001"
"6.1100","-2.3756","-0.0001"
"6.1300","-2.2547","-0.0001"
"6.1500","-2.1336","-0.0001"
"6.1700","-2.0131","-0.0001"
"6.1900","-1.8931","-0.0001"
"6.2100","-1.7732","0.0000"
"6.2300","-1.6527","0.0000"
"6.2500","-1.5323","0.0000"
"6.2700","-1.4121","-0.0001"
"6.2900","-1.2924","-0.0001"
"6.3100","-1.1727","0.0000"
"6.3300","-1.0526","0.0000"
"6.3500","-0.9324","0.0000"
"6.3700","-0.8123","0.0000"
"6.3900","-0.6926","0.0000"
"6.4100","-0.5730","0.0000"
"6.4300","-0.4526","0.0000"
"6.4500","-0.3322","0.0000"
"6.4700","-0.2121","0.0000"
"6.4900","-0.0922","0.0000"
"6.5100","0.0274","0.0000"
"6.5300","0.1472","0.0000"
"6.5500","0.2672","0.0000"
"6.5700","0.3876","0.0001"
"6.5900","0.5077","0.0001"
"6.6100","0.6273","0.0000"
"6.6300","0.7474","0.0000"
"6.6500","0.8675","0.0001"
"6.6700","0.9876","0.0001"
"6.6900","1.1075","0.0001"
"6.7100","1.2273","0.0001"
"6.7300","1.3476","0.0001"
"6.7500","1.4679","0.0001"
"6.7700","1.5880","0.0001"
"6.7900","1.7077","0.0001"
"6.8100","1.8275","0.0001"
"6.8300","1.9477","0.0001"
"6.8500","2.0673","0.0001"
"6.8700","2.1871","0.0001"
"6.8900","2.3072","0.0001"
"6.9100","2.4272","0.0001"
"6.9300","2.5475","0.0001"
"6.9500","2.6675","0.0001"
"6.9700","2.7876","0.0001"
"6.9900","2.9073","0.0001"
"7.0060","3.0028","0.0002"
"7.0070","3.0088","0.0002"
"7.0080","3.0148","0.0002"
"7.0280","3.1298","0.0000"
"7.0480","3.1719","-0.0001"
"7.0680","3.1081","0.0000"
"7.0880","3.0018","0.0001"
"7.1080","2.8759","0.0001"
"7.1280","2.7441","0.0002"
"7.1480","2.6175","0.0002"
"7.1680","2.4957","0.0001"
"7.1880","2.3749","0.0001"
"7.2080","2.2539","0.0001"
"7.2280","2.1334","0.0001"
"7.2480","2.0130","0.0001"
"7.2680","1.8930","0.0001"
"7.2880","1.7730","0.0001"
"7.3080","1.6527","0.0000"
"7.3280","1.5327","0.0001"
"7.3480","1.4127","0.0001"
"7.3680","1.2925","0.0001"
"7.3880","1.1721","0.0000"
"7.4080","1.0519","0.0000"
"7.4280","0.9324","0.0000"
"7.4480","0.8126","0.0000"
"7.4680","0.6924","0.0000"
"7.4880","0.5720","0.0000"
"7.5080","0.4519","0.0000"
"7.5280","0.3322","0.0000"
"7.5480","0.2120","0.0000"
"7.5680","0.0917","0.0000"
"7.5880","-0.0283","0.0000"
"7.6080","-0.1479","0.0000"
"7.6280","-0.2675","0.0000"
"7.6480","-0.3875","-0.0001"
"7.6680","-0.5077","-0.0001"
"7.6880","-0.6281","0.0000"
"7.7080","-0.7483","0.0000"
"7.7280","-0.8678","-0.0001"
"7.7480","-0.9875","-0.0001"
"7.7680","-1.1077","-0.0001"
"7.7880","-1.2280","-0.0001"
"7.8080","-1.3481","-0.0001"
"7.8280","-1.4677","-0.0001"
"7.8480","-1.5877","-0.0001"
"7.8680","-1.7079","-0.0001"
"7.8880","-1.8281","-0.0001"
"7.9080","-1.9481","-0.0001"
"7.9280","-2.0676","-0.0001"
"7.9480","-2.1874","-0.0001"
"7.9680","-2.3076","-0.0001"
"7.9880","-2.4281","-0.0002"
"8.0080","-2.5482","-0.0002"
"8.0280","-2.6677","-0.0001"
"8.0480","-2.7877","-0.0001"
"8.0680","-2.9080","-0.0002"
"8.0840","-3.0042","-0.0002"
"8.0850","-3.0102","-0.0002"
"8.0860","-3.0162","-0.0002"
"8.1060","-3.1312","0.0000"
"8.1260","-3.1721","0.0001"
"8.1460","-3.1060","0.0000"
"8.1660","-2.9991","0.0000"
"8.1860","-2.8743","-0.0001"
"8.2060","-2.7430","-0.0001"
"8.2260","-2.6163","-0.0001"
"8.2460","-2.4948","-0.0001"
"8.2660","-2.3746","0.0000"
"8.2860","-2.2536","-0.0001"
"8.3060","-2.1326","-0.0001"
"8.3260","-2.0121","-0.0001"
"8.3460","-1.8921","-0.0001"
"8.3660","-1.7722","0.0000"
"8.3860","-1.6518","0.0000"
"8.4060","-1.5314","0.0000"
"8.4260","-1.4111","-0.0001"
"8.4460","-1.2913","-0.0001"
"8.4660","-1.1717","0.0000"
"8.4860","-1.0516","0.0000"
"8.5060","-0.9315","0.0000"
"8.5260","-0.8113","0.0000"
"8.5460","-0.6916","0.0000"
"8.5660","-0.5719","0.0000"
"8.5860","-0.4516","0.0000"
"8.6060","-0.3312","0.0000"
"8.6260","-0.2111","0.0000"
"8.6460","-0.0913","0.0000"
"8.6660","0.0284","0.0000"
"8.6860","0.1482","0.0000"
"8.7060","0.2683","0.0000"
"8.7260","0.3886","0.0001"
"8.7460","0.5086","0.0001"
"8.7660","0.6283","0.0000"
"8.7860","0.7484","0.0000"
"8.8060","0.8685","0.0001"
"8.8260","0.9886","0.0001"
"8.8460","1.1085","0.0001"
"8.8660","1.2283","0.0001"
"8.8860","1.3486","0.0001"
"8.9060","1.4689","0.0001"
"8.9260","1.5890","0.0001"
"8.9460","1.7088","0.0001"
"8.9660","1.8285","0.0001"
"8.9860","1.9487","0.0001"
"9.0060","2.0684","0.0001"
"9.0260","2.1881","0.0001"
"9.0460","2.3081","0.0001"
"9.0660","2.4281","0.0001"
"9.0860","2.5485","0.0001"
"9.1060","2.6685","0.0001"
"9.1260","2.7885","0.0001"
"9.1460","2.9083","0.0001"
"9.1620","3.0039","0.0002"
"9.1630","3.0099","0.0002"
"9.1640","3.0159","0.0002"
"9.1840","3.1310","0.0000"
"9.2040","3.1731","-0.0001"
"9.2240","3.1090","0.0000"
"9.2440","3.0025","0.0001"
"9.2640","2.8767","0.0001"
"9.2840","2.7450","0.0002"
"9.3040","2.6184","0.0002"
"9.3240","2.4967","0.0001"
"9.3440","2.3759","0.0001"
"9.3640","2.2549","0.0001"
"9.3840","2.1344","0.0001"
"9.4040","2.0140","0.0001"
"9.4240","1.8941","0.0001"
"9.4440","1.7741","0.0001"
"9.4640","1.6538","0.0000"
"9.4840","1.5337","0.0001"
"9.5040","1.4137","0.0001"
"9.5240","1.2936","0.0001"
"9.5440","1.1732","0.0000"
"9.5640","1.0530","0.0000"
"9.5840","0.9335","0.0000"
"9.6040","0.8137","0.0000"
"9.6240","0.6934","0.0000"
"9.6440","0.5730","0.0000"
"9.6640","0.4529","0.0000"
"9.6840","0.3332","0.0000"
"9.7040","0.2131","0.0000"
"9.7240","0.0928","0.0000"
"9.7440","-0.0272","0.0000"
"9.7640","-0.1469","0.0000"
"9.7840","-0.2664","0.0000"
"9.8040","-0.3864","-0.0001"
"9.8240","-0.5066","-0.0001"
"9.8440","-0.6270","0.0000"
"9.8640","-0.7472","0.0000"
"9.8840","-0.8667","-0.0001"
"9.9040","-0.9864","-0.0001"
"9.9240","-1.1067","-0.0001"
"9.9440","-1.2270","-0.0001"
"9.9640","-1.3471","-0.0001"
"9.9840","-1.4667","-0.0001"
"10.0040","-1.5867","-0.0001"
"10.0240","-1.7068","-0.0001"
"10.0440","-1.8270","-0.0001"
"10.0640","-1.9470","-0.0001"
"10.0840","-2.0665","-0.0001"
"10.1040","-2.1863","-0.0001"
"10.1240","-2.3066","-0.0001"
"10.1440","-2.4270","-0.0001"
"10.1640","-2.5471","-0.0001"
"10.1840","-2.6667","-0.0001"
"10.2040","-2.7866","-0.0001"
"10.2240","-2.9069","-0.0002"
"10.2400","-3.0031","-0.0002"
