NO_OF_FRAMES	500
NO_OF_DATA_TYPES	3
FREQUENCY	100
TIME_STAMP	2026-05-18, 16:09:34
DATA_INCLUDED	Position
DATA_TYPES	Unidentified [4172]_pos_X	Unidentified [4172]_pos_Y	Unidentified [4172]_pos_Z


156.384	91.579	153.131
156.329	92.761	153.181
156.401	92.881	153.231
156.402	91.990	153.188
156.332	90.565	153.148
156.384	89.351	153.183
156.464	88.709	153.202
156.417	88.768	153.195
156.376	89.584	153.158
156.376	91.019	153.161
156.338	92.408	153.195
156.360	93.042	153.215
156.402	92.350	153.207
156.349	91.078	153.148
156.360	89.740	153.180
156.418	88.857	153.196
156.449	88.671	153.197
156.372	89.221	153.183
156.377	90.452	153.151
156.363	91.952	153.168
156.324	93.012	153.197
156.384	92.708	153.215
156.401	91.650	153.160
156.373	90.241	153.170
156.399	89.106	153.190
156.468	88.627	153.195
156.406	88.894	153.196
156.370	89.876	153.145
156.381	91.361	153.129
156.335	92.642	153.179
156.389	92.903	153.205
156.411	92.079	153.179
156.350	90.726	153.147
156.383	89.442	153.181
156.437	88.704	153.209
156.431	88.719	153.200
156.379	89.461	153.165
156.371	90.842	153.149
156.359	92.282	153.185
156.347	93.051	153.206
156.409	92.490	153.234
156.380	91.273	153.159
156.369	89.881	153.179
156.417	88.920	153.200
156.469	88.651	153.200
156.370	89.098	153.180
156.379	90.259	153.138
156.369	91.763	153.160
156.326	92.876	153.198
156.397	92.767	153.212
156.414	91.807	153.149
156.361	90.379	153.135
156.396	89.183	153.180
156.465	88.656	153.194
156.417	88.807	153.208
156.389	89.732	153.156
156.380	91.174	153.146
156.346	92.544	153.182
156.394	92.979	153.211
156.409	92.213	153.201
156.380	90.929	153.183
156.373	89.562	153.167
156.435	88.771	153.180
156.440	88.671	153.188
156.352	89.280	153.169
156.374	90.618	153.159
156.376	92.129	153.174
156.326	93.039	153.224
156.410	92.605	153.226
156.384	91.460	153.148
156.362	90.054	153.171
156.404	89.031	153.213
156.465	88.653	153.199
156.375	89.014	153.206
156.363	90.075	153.141
156.369	91.584	153.144
156.334	92.794	153.215
156.428	92.858	153.217
156.397	91.920	153.165
156.338	90.528	153.158
156.341	89.245	153.160
156.450	88.663	153.200
156.409	88.769	153.185
156.377	89.616	153.137
156.386	91.028	153.157
156.370	92.407	153.199
156.388	93.001	153.204
156.415	92.329	153.220
156.385	91.071	153.153
156.363	89.717	153.146
156.430	88.825	153.193
156.459	88.646	153.181
156.387	89.202	153.196
156.391	90.448	153.145
156.380	91.950	153.187
156.353	92.995	153.231
156.407	92.682	153.219
156.396	91.630	153.167
156.343	90.205	153.154
156.383	89.083	153.187
156.453	88.639	153.199
156.373	88.899	153.200
156.365	89.895	153.149
156.385	91.375	153.150
156.342	92.697	153.202
156.397	92.940	153.212
156.403	92.107	153.186
156.340	90.713	153.155
156.374	89.454	153.172
156.428	88.719	153.187
156.432	88.724	153.189
156.380	89.465	153.179
156.387	90.810	153.172
156.381	92.270	153.194
156.361	93.025	153.210
156.397	92.446	153.214
156.391	91.276	153.135
156.379	89.884	153.148
156.430	88.911	153.181
156.471	88.621	153.205
156.390	89.064	153.192
156.383	90.233	153.139
156.388	91.754	153.162
156.332	92.864	153.230
156.399	92.789	153.233
156.386	91.824	153.152
156.339	90.392	153.164
156.392	89.212	153.197
156.446	88.664	153.195
156.400	88.834	153.199
156.373	89.760	153.155
156.385	91.219	153.163
156.326	92.557	153.199
156.383	92.979	153.209
156.401	92.213	153.197
156.367	90.894	153.159
156.363	89.543	153.172
156.438	88.764	153.193
156.439	88.667	153.197
156.370	89.303	153.188
156.371	90.630	153.153
156.367	92.140	153.179
156.339	93.071	153.192
156.407	92.568	153.208
156.384	91.403	153.133
156.385	90.009	153.162
156.414	88.957	153.198
156.475	88.605	153.191
156.394	88.995	153.201
156.381	90.111	153.139
156.390	91.606	153.136
156.342	92.809	153.183
156.388	92.833	153.202
156.391	91.917	153.172
156.355	90.529	153.175
156.373	89.265	153.168
156.445	88.709	153.199
156.403	88.791	153.194
156.362	89.618	153.153
156.382	91.077	153.164
156.348	92.454	153.205
156.375	93.014	153.215
156.393	92.324	153.206
156.385	91.077	153.156
156.366	89.709	153.168
156.438	88.852	153.204
156.453	88.644	153.198
156.378	89.218	153.168
156.374	90.455	153.151
156.376	91.983	153.173
156.333	92.981	153.205
156.414	92.657	153.205
156.414	91.558	153.160
156.380	90.174	153.163
156.393	89.031	153.193
156.482	88.622	153.187
156.403	88.890	153.200
156.384	89.928	153.133
156.388	91.427	153.139
156.350	92.707	153.193
156.401	92.902	153.206
156.402	92.033	153.158
156.350	90.653	153.162
156.386	89.389	153.178
156.436	88.707	153.196
156.421	88.748	153.200
156.358	89.511	153.155
156.372	90.896	153.152
156.373	92.344	153.196
156.357	93.033	153.209
156.390	92.435	153.203
156.378	91.208	153.136
156.359	89.847	153.169
156.415	88.901	153.196
156.448	88.628	153.183
156.353	89.109	153.153
156.377	90.313	153.147
156.372	91.811	153.147
156.352	92.950	153.229
156.422	92.715	153.209
156.416	91.711	153.138
156.365	90.301	153.150
156.392	89.121	153.180
156.467	88.641	153.200
156.396	88.869	153.200
156.370	89.800	153.132
156.400	91.271	153.152
156.348	92.577	153.182
156.385	92.931	153.218
156.417	92.195	153.191
156.377	90.866	153.153
156.363	89.525	153.172
156.436	88.798	153.205
156.419	88.693	153.210
156.366	89.356	153.177
156.369	90.705	153.141
156.374	92.192	153.190
156.337	93.066	153.216
156.410	92.554	153.209
156.387	91.396	153.156
156.358	90.003	153.150
156.401	88.978	153.185
156.462	88.632	153.202
156.383	89.024	153.177
156.380	90.128	153.145
156.394	91.625	153.169
156.365	92.810	153.228
156.415	92.837	153.209
156.416	91.924	153.175
156.353	90.525	153.147
156.390	89.312	153.172
156.472	88.706	153.207
156.406	88.783	153.191
156.391	89.619	153.157
156.383	91.031	153.158
156.362	92.416	153.202
156.371	92.984	153.217
156.419	92.352	153.221
156.377	91.087	153.140
156.372	89.752	153.164
156.428	88.842	153.191
156.457	88.664	153.208
156.380	89.209	153.175
156.383	90.462	153.159
156.377	91.968	153.174
156.327	92.960	153.215
156.425	92.707	153.222
156.408	91.661	153.159
156.359	90.223	153.159
156.393	89.114	153.201
156.464	88.647	153.201
156.411	88.943	153.211
156.395	89.921	153.145
156.389	91.364	153.139
156.346	92.648	153.192
156.403	92.929	153.224
156.406	92.100	153.181
156.354	90.750	153.148
156.355	89.438	153.174
156.444	88.721	153.187
156.416	88.669	153.195
156.371	89.395	153.159
156.375	90.754	153.141
156.371	92.251	153.184
156.362	93.026	153.205
156.410	92.492	153.218
156.382	91.267	153.151
156.375	89.909	153.156
156.436	88.947	153.229
156.478	88.636	153.183
156.396	89.082	153.175
156.372	90.224	153.143
156.393	91.740	153.157
156.343	92.889	153.204
156.407	92.756	153.211
156.396	91.808	153.162
156.359	90.378	153.152
156.387	89.213	153.174
156.468	88.670	153.204
156.409	88.843	153.196
156.384	89.751	153.160
156.395	91.214	153.154
156.348	92.542	153.207
156.390	92.974	153.214
156.395	92.223	153.185
156.371	90.905	153.160
156.365	89.555	153.129
156.431	88.761	153.193
156.458	88.667	153.195
156.377	89.293	153.165
156.392	90.627	153.159
156.387	92.142	153.180
156.343	93.047	153.203
156.416	92.538	153.213
156.391	91.391	153.162
156.380	90.027	153.158
156.418	89.006	153.221
156.477	88.610	153.192
156.397	89.004	153.178
156.377	90.116	153.130
156.379	91.598	153.156
156.329	92.794	153.181
156.401	92.844	153.216
156.400	91.945	153.170
156.358	90.555	153.166
156.403	89.336	153.181
156.451	88.691	153.188
156.397	88.772	153.187
156.373	89.599	153.152
156.378	91.036	153.183
156.357	92.420	153.184
156.361	92.982	153.193
156.404	92.323	153.219
156.370	91.035	153.146
156.364	89.698	153.143
156.441	88.839	153.203
156.451	88.640	153.192
156.387	89.203	153.172
156.391	90.468	153.143
156.389	91.974	153.161
156.332	92.978	153.193
156.415	92.642	153.194
156.411	91.564	153.162
156.391	90.169	153.168
156.399	89.068	153.192
156.458	88.630	153.196
156.414	88.939	153.202
156.376	89.931	153.148
156.399	91.424	153.143
156.342	92.683	153.185
156.392	92.888	153.198
156.400	92.064	153.181
156.349	90.708	153.165
156.378	89.439	153.177
156.431	88.716	153.177
156.420	88.736	153.194
156.376	89.479	153.167
156.392	90.859	153.170
156.355	92.280	153.184
156.351	93.029	153.203
156.414	92.451	153.207
156.377	91.227	153.160
156.360	89.838	153.139
156.429	88.895	153.196
156.462	88.608	153.204
156.401	89.075	153.192
156.380	90.233	153.148
156.390	91.764	153.137
156.352	92.897	153.207
156.422	92.733	153.221
156.394	91.717	153.144
156.369	90.342	153.148
156.381	89.131	153.177
156.462	88.625	153.185
156.404	88.839	153.197
156.371	89.757	153.149
156.401	91.252	153.172
156.356	92.574	153.194
156.410	92.959	153.223
156.392	92.168	153.191
156.351	90.846	153.162
156.375	89.550	153.172
156.426	88.770	153.173
156.428	88.679	153.197
156.377	89.377	153.155
156.374	90.671	153.163
156.369	92.180	153.174
156.343	93.075	153.204
156.420	92.527	153.226
156.394	91.364	153.159
156.375	89.966	153.153
156.435	88.977	153.210
156.473	88.607	153.188
156.389	89.027	153.182
156.401	90.145	153.166
156.397	91.655	153.149
156.348	92.843	153.206
156.433	92.772	153.200
156.421	91.826	153.164
156.368	90.404	153.157
156.380	89.208	153.171
156.463	88.653	153.194
156.406	88.796	153.188
156.370	89.682	153.152
156.388	91.122	153.170
156.347	92.475	153.189
156.363	92.982	153.219
156.389	92.283	153.183
156.361	90.999	153.173
156.367	89.662	153.170
156.423	88.824	153.192
156.452	88.649	153.182
156.397	89.251	153.183
156.375	90.531	153.159
156.380	92.052	153.168
156.342	93.027	153.219
156.426	92.598	153.206
156.407	91.505	153.144
156.364	90.099	153.172
156.404	89.005	153.192
156.479	88.622	153.199
156.385	88.958	153.187
156.378	90.019	153.134
156.410	91.515	153.141
156.341	92.716	153.183
156.407	92.877	153.214
156.411	92.006	153.169
156.371	90.632	153.155
156.398	89.358	153.180
156.452	88.691	153.175
156.439	88.740	153.192
156.379	89.503	153.159
156.394	90.955	153.159
156.358	92.370	153.205
156.389	93.025	153.208
156.393	92.358	153.183
156.379	91.139	153.163
156.368	89.763	153.164
156.427	88.862	153.202
156.452	88.631	153.187
156.374	89.175	153.173
156.377	90.386	153.155
156.369	91.878	153.144
156.336	92.944	153.203
156.418	92.702	153.194
156.394	91.640	153.164
156.364	90.270	153.149
156.392	89.097	153.182
156.467	88.638	153.199
156.412	88.880	153.203
156.379	89.848	153.131
156.403	91.336	153.145
156.342	92.619	153.188
156.407	92.915	153.210
156.410	92.105	153.183
156.367	90.747	153.154
156.389	89.464	153.183
156.462	88.738	153.209
156.425	88.674	153.176
156.393	89.427	153.171
156.380	90.766	153.161
156.370	92.225	153.176
156.337	93.036	153.200
156.388	92.483	153.209
156.376	91.291	153.143
156.367	89.923	153.146
156.413	88.960	153.203
156.452	88.631	153.188
156.398	89.090	153.174
156.375	90.222	153.132
156.380	91.699	153.154
156.327	92.843	153.191
156.424	92.803	153.219
156.408	91.848	153.155
156.342	90.400	153.141
156.372	89.205	153.179
156.460	88.672	153.192
156.417	88.826	153.211
156.378	89.713	153.162
156.399	91.176	153.160
156.358	92.490	153.186
156.395	92.986	153.220
156.413	92.277	153.197
156.356	90.962	153.161
156.366	89.628	153.158
156.422	88.790	153.193
156.450	88.662	153.206
156.374	89.251	153.160
156.384	90.552	153.159
156.376	92.070	153.168
156.329	93.026	153.208
156.415	92.552	153.210
156.391	91.461	153.145
156.364	90.080	153.152
156.415	89.034	153.197
156.457	88.647	153.176
156.390	88.988	153.196
156.377	90.050	153.145
156.383	91.536	153.152
156.325	92.752	153.176
156.419	92.902	153.209
156.410	91.969	153.165
156.350	90.586	153.163
156.389	89.369	153.172
156.451	88.691	153.188
156.418	88.748	153.213
156.401	89.579	153.178
156.394	90.972	153.151
156.362	92.385	153.191
156.381	92.998	153.219
156.419	92.352	153.197
156.370	91.080	153.144
156.376	89.726	153.152
156.413	88.829	153.200
156.468	88.670	153.213
156.377	89.175	153.164
156.395	90.428	153.151
156.394	91.942	153.170
156.337	92.948	153.189
156.395	92.667	153.186
